author_id,mean_sentiment,emotional_variance,trend,depression_risk_score,depression_risk_level,isolation_risk_score,isolation_risk_level,anxiety_risk_score,anxiety_risk_level,total_risk_score,overall_risk_level
49663,0.2264849979487667,0.0124010859742624,stable,2,Moderate,1,Low,0,Low,3,Low
105748,0.0934133272038367,0.0109577682013758,stable,1,Low,1,Low,1,Low,3,Low
106651,-0.0662808062657811,0.009995482226536,stable,3,Moderate,3,Moderate,0,Low,6,Moderate
216413,0.0524025122251801,0.0096130511067792,stable,3,Moderate,3,Moderate,0,Low,6,Moderate
271835,0.0016189480012156,0.0155706029416147,stable,1,Low,2,Moderate,1,Low,4,Low
303162,0.1107788153725561,0.0129029552440294,stable,3,Moderate,2,Moderate,0,Low,5,Low
322624,0.1396019983220223,0.0322269428265588,stable,1,Low,1,Low,2,Moderate,4,Low
449628,0.063946450929469,0.0078844968559752,improving,1,Low,1,Low,0,Low,2,Low
576311,-0.0567084703309348,0.0120964066681233,stable,3,Moderate,2,Moderate,0,Low,5,Low
589736,-0.0263105978046634,0.0165168878175386,stable,1,Low,2,Moderate,0,Low,3,Low
595404,-0.0143634547854299,0.003863268939649,stable,1,Low,3,Moderate,0,Low,4,Low
605396,0.0055618982729253,0.0075514661164255,improving,2,Moderate,2,Moderate,0,Low,4,Low
734562,-0.0024825573753571,0.0207591819055587,stable,1,Low,2,Moderate,1,Low,4,Low
780903,0.0361178331054225,0.0051741658359356,stable,1,Low,2,Moderate,0,Low,3,Low
798653,0.0312276654524905,0.012045518655118,stable,2,Moderate,1,Low,0,Low,3,Low
883178,0.0277688122738867,0.0208707038989174,stable,2,Moderate,1,Low,1,Low,4,Low
907450,0.1730301957638158,0.0161791727953729,stable,3,Moderate,3,Moderate,1,Low,7,Moderate
942828,0.1436811345575536,0.0076608987663571,stable,2,Moderate,2,Moderate,0,Low,4,Low
944569,0.0654604452454029,0.0259779544354721,stable,2,Moderate,2,Moderate,2,Moderate,6,Moderate
955372,0.0740701675672293,0.0247923322521943,declining,3,Moderate,3,Moderate,2,Moderate,8,Moderate
958176,0.0425887937762626,0.0256057451464664,stable,2,Moderate,2,Moderate,2,Moderate,6,Moderate
988941,0.1646727455394063,0.0252103882863542,declining,3,Moderate,2,Moderate,2,Moderate,7,Moderate
1078410,0.1501562753565366,0.0119792938717207,stable,1,Low,1,Low,1,Low,3,Low
1093457,0.17123533946793,0.0169936576393304,stable,3,Moderate,1,Low,1,Low,5,Low
1093691,0.139395687077465,0.0149827078403325,stable,3,Moderate,1,Low,1,Low,5,Low
1107146,0.0565445979971467,0.0183980682766208,declining,2,Moderate,2,Moderate,1,Low,5,Low
1270648,0.0404534344071326,0.020206034834651,improving,2,Moderate,2,Moderate,2,Moderate,6,Moderate
1281160,0.1034593587914378,0.0045859814928899,stable,1,Low,2,Moderate,0,Low,3,Low
1325355,0.0846144274931628,0.0128264171461684,stable,1,Low,1,Low,0,Low,2,Low
1417798,0.3365569225826112,0.0063200964617453,stable,3,Moderate,1,Low,1,Low,5,Low
1470319,0.0494988994173732,0.009864608806481,stable,2,Moderate,1,Low,1,Low,4,Low
1472995,0.0581877481448104,0.0085070691684742,stable,2,Moderate,1,Low,0,Low,3,Low
1473902,0.114880252707312,0.010948686926344,stable,2,Moderate,1,Low,1,Low,4,Low
1784456,0.0147951530630251,0.0116262935621053,stable,2,Moderate,1,Low,1,Low,4,Low
1862467,0.0296364861976748,0.0057010505889479,stable,2,Moderate,2,Moderate,0,Low,4,Low
1975546,-0.0225846076130627,0.0173180238142444,stable,1,Low,3,Moderate,0,Low,4,Low
2200026,-0.0054350392963585,0.0197427093883959,stable,1,Low,2,Moderate,1,Low,4,Low
2866266,-0.0120731835467178,0.0104326265898288,stable,3,Moderate,2,Moderate,1,Low,6,Moderate
3517276,-0.0444715850534417,0.0084739228598872,stable,3,Moderate,3,Moderate,0,Low,6,Moderate
3522724,-0.0106427771102235,0.0102087897976996,stable,2,Moderate,3,Moderate,0,Low,5,Low
